Accession,Name,Symbol,Gene Symbol,Entrez,Matrix,IMS,Acetylated Residues,DKOvsDFC_FC,S3KOvsS3FL_FC
Q9CZU6,"Citrate synthase, mitochondrial",Cs,Cs,12974,True,False,K52,203.430666248219,11.434281501042996
Q8BWT1,"3-ketoacyl-CoA thiolase, mitochondrial",Acaa2,Acaa2,52538,True,False,K209,120.487254179895,8.361982268369944
Q9CZU6,"Citrate synthase, mitochondrial",Cs,Cs,12974,True,False,K393,79.24704021057607,12.337543248941316
Q9WUR2,"Enoyl-CoA delta isomerase 2, mitochondrial",Eci2,Eci2,23986,True,False,K60,74.07883022710864,11.796913710087932
P08249,"Malate dehydrogenase, mitochondrial",Mdh2,Mdh2,17448,True,False,K239,67.10654298158084,13.180613858290275
Q8BMS1,"Trifunctional enzyme subunit alpha, mitochondrial",Hadha,Hadha,97212,True,False,K259,57.81128416989682,91.91269599218211
P03930,ATP synthase protein 8,Mtatp8,ATP8,17706,False,False,K46,53.75696134730823,10.581788448126856
Q8BMS1,"Trifunctional enzyme subunit alpha, mitochondrial",Hadha,Hadha,97212,True,False,K411; K413,50.22452916002313,9.495206305375433
Q8BMS1,"Trifunctional enzyme subunit alpha, mitochondrial",Hadha,Hadha,97212,True,False,K,43.29914456604574,8.348417461347776
Q9DB20,"ATP synthase subunit O, mitochondrial",Atp5o,Atp5o; LOC100047429; LOC102641678,28080,True,False,K97,41.50759294446494,30.187431638191754
P42125,"Enoyl-CoA delta isomerase 1, mitochondrial",Eci1,Eci1,13177,True,False,K283,39.6481426959199,8.475233985455594
Q9DCT2,"NADH dehydrogenase [ubiquinone] iron-sulfur protein 3, mitochondrial",Ndufs3,Ndufs3,68349,True,False,K42,39.14262777766327,2.874790038974356
Q8K4F5,Protein ABHD11,Abhd11,Abhd11,68758,True,False,K,37.20052078278129,2.7402764929132473
Q8BMS1,"Trifunctional enzyme subunit alpha, mitochondrial",Hadha,Hadha,97212,True,False,K406; K411,36.99101773099215,4.769096276722968
Q8K2B3,"Succinate dehydrogenase [ubiquinone] flavoprotein subunit, mitochondrial",Sdha,Sdha,66945,True,False,K179,33.531861440391694,28.46700439176301
Q8BMS1,"Trifunctional enzyme subunit alpha, mitochondrial",Hadha,Hadha,97212,True,False,K303,32.60552109569979,3.6360554406949177
Q99KR7,"Peptidyl-prolyl cis-trans isomerase F, mitochondrial",Ppif,Ppif,105675,True,False,K,31.219107610595184,7.417710995396109
P97450,"ATP synthase-coupling factor 6, mitochondrial",Atp5j,Atp5j,11957,False,True,K94,30.95080055753624,7.647413274503419
Q8BMS1,"Trifunctional enzyme subunit alpha, mitochondrial",Hadha,Hadha,97212,True,False,K406,29.440771403422936,11.727291268947493
Q8BMS1,"Trifunctional enzyme subunit alpha, mitochondrial",Hadha,Hadha,97212,True,False,K289,27.72301751119566,8.8803074489503
Q9DBL1,"Short/branched chain specific acyl-CoA dehydrogenase, mitochondrial",Acadsb,Acadsb,66885,True,False,K284,25.533179561522218,3.449302439334341
Q8BMS1,"Trifunctional enzyme subunit alpha, mitochondrial",Hadha,Hadha,97212,True,False,K334,24.66595389193534,10.829100631097184
Q9CZU6,"Citrate synthase, mitochondrial",Cs,Cs,12974,True,False,K49; K52,24.416380003881184,2.433938571397805
P63038,"60 kDa heat shock protein, mitochondrial",Hspd1,Hspd1,15510,True,False,K,24.193199959119465,5.520909938202925
Q03265,"ATP synthase subunit alpha, mitochondrial",Atp5a1,Atp5a1,11946,True,False,K427,23.24916741891247,4.780850713437885
